路径ID,GAN收益率,普通策略收益率,收益放大倍数,是否曾激活,最终价格,最高价格,最低价格,价格区间,实现波动率,初始价格,激活中心,激活带宽
0,-0.049390355588053915,-0.7188656400501402,0.06870596233339096,True,98.71440313210208,104.01175702538879,96.27285409252353,7.738902932865258,0.0034226552063658534,100,100,2
1,-0.04998130565748494,-0.16270524681665133,0.3071892679269752,True,103.82885788984262,114.99352425708804,100.0,14.99352425708804,0.0034259781121845786,100,100,2
2,-0.049748246797389574,-0.40472204669478723,0.12291953750398527,True,97.27785862804406,100.69921763372854,94.37565081322647,6.323566820502066,0.0032077861183124534,100,100,2
3,-0.04933845881236001,-0.9343428423602803,0.05280551910444798,True,100.30024304475539,104.83322756099392,97.46012073394603,7.373106827047891,0.0033456747319567806,100,100,2
4,-0.04971664262096815,-0.6289863197055326,0.0790424863997735,True,101.69660522968063,106.31406497267416,98.06398375740812,8.250081215266036,0.003272700303756853,100,100,2
5,-0.049520197595273555,-0.3900683562828135,0.12695261432426896,True,97.21084889469044,107.30625685573375,96.4161955455322,10.890061310201546,0.0032390697757540103,100,100,2
6,-0.049798737997432514,1.8105434327495613,-0.027504856882558305,True,112.85230960341642,113.7043617692421,96.1547830818642,17.549578687377902,0.003367136682677891,100,100,2
7,-0.04968256658602326,0.6128399946885458,-0.0810693933434822,True,92.62465802486079,101.73715620852116,92.05119828087814,9.685957927643017,0.0034967853736463266,100,100,2
8,-0.04970246579273956,-0.7037430130085935,0.07062587460762845,True,98.64524900251625,101.95717934542365,94.45289511166294,7.504284233760714,0.003390337335466855,100,100,2
9,-0.049948274617550734,-0.1880947891513455,0.2655484229143699,True,96.28724572733411,100.82950944272369,93.03621377011223,7.793295672611464,0.0032413640168534592,100,100,2
10,-0.049973464657729255,0.13965197121972833,-0.3578428877248072,True,105.21150458078152,113.54511615111055,100.0,13.545116151110548,0.003402263955336451,100,100,2
11,-0.049951697623504064,-0.09840972393181538,0.5075890433156162,True,104.12287432687774,108.46186027461056,99.17253977820356,9.289320496407,0.0034000046303087257,100,100,2
12,-0.04982585838609521,0.07026915758273426,-0.7090715201392688,True,95.10577548385936,102.13678581582829,91.78577898250516,10.351006833323126,0.003391624603157819,100,100,2
13,-0.04944870406432303,-0.26337463673342776,0.18775044050415562,True,103.3685077128195,104.74007876517695,98.05831703768068,6.681761727496266,0.0034168185056239263,100,100,2
14,-0.04993062839154428,0.8459235325258101,-0.05902499040599848,True,91.55879234321449,101.12089438976683,89.49518060423735,11.625713785529484,0.0032175626780320825,100,100,2
15,-0.04943609498744503,-0.7245304281080741,0.06823191003383357,True,101.25969240788854,102.94445672983184,98.17935927725476,4.765097452577081,0.0030906267475492794,100,100,2
16,-0.04929075548311837,-0.43073374966522815,0.11443439368618731,True,102.60319268182268,104.65058643359627,95.61051943030138,9.040067003294894,0.0034023984558970927,100,100,2
17,-0.049076713339292706,-0.9334899781973589,0.05257336927608331,True,100.30414309986352,102.5869389200041,95.84004966682122,6.746889253182886,0.003402671919497561,100,100,2
18,-0.04983882978054468,-0.2074810584853921,0.24020905881417423,True,96.37589702965276,100.77699548148846,93.35210367605023,7.424891805438222,0.0033311789627363765,100,100,2
19,-0.049966173783584214,1.306420266963532,-0.038246630925068914,True,89.45299083401461,100.23041644380855,87.58285666700733,12.647559776801216,0.0033378836356490636,100,100,2
20,-0.04925780907795044,-0.9337589336191408,0.052752169006868736,True,99.69708680404402,103.94579058706245,96.9268474267131,7.018943160349352,0.003231107904865759,100,100,2
21,-0.049868936773853276,1.259033877126854,-0.03960889192882991,True,89.66968364369426,100.7675811397063,89.30363709635392,11.46394404335237,0.0031993851096437285,100,100,2
22,-0.04993685331736099,1.7536195782660486,-0.028476446052648294,True,112.59200300465797,114.21463350675063,99.03836776280438,15.176265743946246,0.0032682412596444373,100,100,2
23,-0.04991517899714659,0.6402387950397155,-0.07796337770198733,True,107.50063371081288,108.70541639822616,99.6849766851104,9.020439713115763,0.0031134865276295997,100,100,2
24,-0.04947775854463815,0.8827857990686809,-0.056047297766724465,True,108.60977479464651,108.60977479464651,98.80006493071586,9.80970986393065,0.003393456662770797,100,100,2
25,-0.04967430139872518,0.47992591591170264,-0.10350410292880353,True,106.76754034105392,106.924044654432,99.15501539806772,7.769029256364277,0.003490108008656707,100,100,2
26,-0.0498964051839895,-0.5573272986457529,0.08952801218464007,True,102.0242941434353,110.0067508538935,97.49582335960594,12.510927494287557,0.0030513808123804028,100,100,2
27,-0.04965351112279113,-0.07953782379767184,0.6242754547710487,True,95.79082652524129,102.3828453612645,92.17816843310717,10.204676928157326,0.0035180560273821563,100,100,2
28,-0.04969742672927836,0.022170305591203785,-2.2416211867190565,True,104.67427369447364,106.10619159807318,96.59235246060325,9.51383913746993,0.0032519391052982967,100,100,2
29,-0.04956175099024431,0.30070733830604873,-0.16481723149636676,True,94.05200673273686,101.57704042187389,94.05200673273686,7.525033689137032,0.0032620589679576047,100,100,2
30,-0.049461867028768154,0.12299126821038947,-0.40215754946244187,True,105.13531699698848,105.13531699698848,96.33746835036939,8.797848646619087,0.0031811826047470366,100,100,2
31,-0.04976714372204513,0.7122449410399184,-0.06987363595644815,True,92.17009001081342,101.63693377485565,92.09588702482725,9.5410467500284,0.003330216901843987,100,100,2
32,-0.049889486887500493,2.9964701502454574,-0.016649418944958878,True,118.27542356871437,118.90447971724005,99.7675320486027,19.136947668637347,0.003483883644605529,100,100,2
33,-0.04993277480567719,1.7373479198477595,-0.028740803287146253,True,87.48240552051053,101.03230912229937,85.06455726366072,15.96775185863865,0.003572613687048805,100,100,2
34,-0.049608227401855144,-0.25888924947262143,0.19161949560636898,True,103.38901890118804,103.89714112764976,99.1157270969869,4.781414030662859,0.0029327165956043073,100,100,2
35,-0.04966157260789338,-0.4651004627886089,0.10677601202573922,True,97.55396256152518,103.9959861839087,96.92480706797369,7.07117911593501,0.0030062744824211384,100,100,2
36,-0.04929989944796254,-0.7918947746414565,0.062255619088134394,True,100.95164257389901,101.41255864943264,95.40939948003016,6.00315916940248,0.0033713585043175075,100,100,2
37,-0.049099134294284405,-0.14562522845257422,0.3371609082850265,True,96.09303704282796,103.23601649458332,96.09303704282796,7.142979451755366,0.0036465279361747958,100,100,2
38,-0.04981038623436246,1.2171091301791297,-0.04092516028290047,True,89.86140095413977,100.35193354270395,88.55515205578156,11.796781486922384,0.0032677806875225025,100,100,2
39,-0.048989106238251555,-0.9179489348480973,0.05336800815217276,True,100.37521060174141,102.44891311584216,98.32859859053765,4.120314525304508,0.0031893224997334643,100,100,2
40,-0.049866404657460985,0.3624839768294314,-0.13756857639234593,True,93.76950888007634,101.03150469505451,91.48527290177401,9.546231793280498,0.003314180293257958,100,100,2
41,-0.04963972359204075,-0.9393478655503675,0.052844878252804296,True,99.72264438223176,106.49699595796,98.77509987116692,7.72189608679308,0.003010121901455392,100,100,2
42,-0.049317923445659564,-0.4745056166064182,0.1039353839441834,True,97.59697130756544,101.04640685520071,95.65568300279969,5.390723852401024,0.0032471885077624226,100,100,2
43,-0.049843220774816274,-0.06390936601909732,0.7799047914185565,True,95.71935928668036,100.09470820791262,94.8870596307389,5.207648577173714,0.003373138767659914,100,100,2
44,-0.04923733475434335,-0.8713997138122734,0.056503730692010076,True,99.41192487050247,103.09236824361723,96.06983268425466,7.0225355593625665,0.0032964251002434246,100,100,2
45,-0.04972420933361454,-0.5748932302729235,0.08649294636850843,True,101.94396704757399,105.72151871236849,99.08561438603573,6.6359043263327635,0.0033304893731835278,100,100,2
46,-0.04940089886108893,-0.7256185637795858,0.06808108464558932,True,101.25471648174634,104.84549892743848,97.27150614909502,7.573992778343467,0.0032361866400354624,100,100,2
47,-0.04996521337873274,0.9226693913980045,-0.054152889262996745,True,91.20784187309826,100.43684665322601,89.92286911948794,10.513977533738071,0.003816843558357575,100,100,2
48,-0.04957266146982633,-0.1435011618895436,0.34545128985076534,True,96.08332391732766,103.8364270161138,95.46964539027766,8.36678162583614,0.003117441233791977,100,100,2
49,-0.04997858820663143,0.8876230481325045,-0.0563060956019369,True,108.63189500879182,112.69560385211798,100.0,12.695603852117983,0.003316667846394748,100,100,2
50,-0.049983824595855646,-0.11303135735104163,0.4422120176847989,True,95.94398881333274,100.0,92.40640670981843,7.593593290181573,0.003301092381893505,100,100,2
51,-0.04981223894735021,1.5210774302402978,-0.03274799688499811,True,111.52861303976901,111.73129497267671,97.9357894220521,13.795505550624611,0.0032793603662590034,100,100,2
52,-0.04957166214349181,-0.7210578365542727,0.06874852422432641,True,101.2755721915829,105.93906469910965,98.73621538333138,7.202849315778266,0.0032374721619862225,100,100,2
53,-0.04970079480536713,0.8854008968619541,-0.056133662142784285,True,108.62173335258613,109.01557480431404,97.80947994508236,11.206094859231683,0.0034264566738859948,100,100,2
54,-0.049595093079066954,0.5022458481147836,-0.09874664621962681,True,106.86960696477466,108.51723851356999,95.96095813732767,12.556280376242327,0.003466123583459168,100,100,2
55,-0.04939872285544753,-0.41360311982054665,0.11943508278390298,True,102.68152918995128,104.68290816218153,97.95260281646175,6.730305345719785,0.0032391976505157308,100,100,2
56,-0.04991231337670829,0.2612678082808884,-0.19103889493744164,True,94.23235941634606,100.93116070318136,93.00076597667021,7.930394726511153,0.0032472209702952494,100,100,2
57,-0.04939717321025276,-0.7127639414975305,0.06930369275761673,True,101.31349927210597,103.65895025134614,95.62237987547145,8.036570375874689,0.0031790382620751454,100,100,2
58,-0.04924645134812032,-0.637464631435665,0.07725362148674822,True,98.34216516824321,102.68051739326017,96.59239136751387,6.0881260257463055,0.0034375521370440887,100,100,2
59,-0.049317001025726226,-0.9075905996761162,0.054338377946318024,True,100.42257814250061,101.04728516066686,95.1032852104618,5.943999950205054,0.0032789651980275423,100,100,2
60,-0.049667493398389176,0.10878016549577907,-0.4565859334008496,True,94.92966883093571,102.35337914523073,94.13731315985164,8.216065985379089,0.0035953224115990176,100,100,2
61,-0.0499477321380692,0.3129898649150234,-0.15958258632952854,True,93.9958400737017,100.98753949054992,87.81854141130026,13.168998079249661,0.0032410555294483654,100,100,2
62,-0.04958870859161648,-0.09681259637643701,0.5122133942033783,True,104.1301778175759,104.84560980238767,96.76328462341378,8.082325178973889,0.0033353598730163393,100,100,2
63,-0.0492547635087868,-0.8855529147300594,0.055620350505876874,True,99.47664591980389,103.43524833742975,96.85257351912084,6.5826748183089165,0.0035364894839945327,100,100,2
64,-0.049126776933125525,-0.8872398136759854,0.055370347651087636,True,100.5156400746874,101.75340337000942,97.68473675556469,4.068666614444737,0.003143044328260175,100,100,2
65,-0.04982536756903501,0.02697203648826903,-1.8472972031869228,True,104.69623148790329,106.06238728876359,99.83128324894751,6.231104039816074,0.0033401382131528655,100,100,2
66,-0.04994440643256732,-0.7795928086203013,0.06406473466700821,True,101.00789812725294,110.1204495190161,100.0,10.120449519016105,0.003258510974858249,100,100,2
67,-0.049249520330088295,-0.642172348129978,0.0766920601198481,True,98.3636930449433,104.44346437671972,95.76783831091133,8.675626065808387,0.0036205256397375853,100,100,2
68,-0.0499244532625188,0.28233089632191766,-0.17682957803383387,True,94.13604020435562,100.28120311551629,91.29000349851906,8.991199616997235,0.003024093698832978,100,100,2
69,-0.04969458253627765,0.12582289091725943,-0.39495661062943294,True,105.14826569982107,107.5899740752025,96.95480767911239,10.635166396090113,0.0032276652340413577,100,100,2
70,-0.04949272624104381,-0.13366346795879702,0.370278633323358,True,96.03833721236936,103.45722034874025,95.51480685051497,7.942413498225278,0.0031868389548868944,100,100,2
71,-0.04973018635149283,0.2615840652387242,-0.19011168094703543,True,105.76908679234404,106.81181922157297,97.01928223869707,9.792536982875902,0.0032475656457796186,100,100,2
72,-0.04967310883223811,-0.6010389617195201,0.08264540569903768,True,98.17559454021143,100.69480048617467,95.46333443277464,5.231466053400027,0.003016871916852637,100,100,2
73,-0.04946354298843335,-0.767510759062902,0.06444670957945428,True,98.9368519734763,104.03791654939108,98.47772055854655,5.560195990844534,0.0035042861094061436,100,100,2
74,-0.04947568257308208,-0.3138534950110109,0.15763941889940186,True,103.13767338112024,104.79052511784708,96.20778650731988,8.582738610527201,0.003515313634019407,100,100,2
75,-0.049645645435560715,-0.7996278537384884,0.062085938106649426,True,99.0837199562027,106.93037621265938,98.63567343257652,8.294702780082858,0.003253065731188203,100,100,2
76,-0.04959840928767957,0.7798851228380583,-0.0635970706906004,True,108.13922118785771,108.13922118785771,95.88213290923227,12.257088278625446,0.003254857573128826,100,100,2
77,-0.04951545532308715,0.3675020406603384,-0.13473518469208043,True,93.74656181965628,102.77995164304589,92.82788302787132,9.952068615174568,0.003090178231118793,100,100,2
78,-0.049949770177707895,1.6830497680370897,-0.029678130217125665,True,87.73070506636786,100.0,87.4360012711002,12.563998728899804,0.003215006513589468,100,100,2
79,-0.04953934870845658,-0.6545062370964856,0.075689651069213,True,98.42009457845622,101.4687595345786,94.91094341485224,6.557816119726354,0.0031245486366474045,100,100,2
80,-0.04945263647181169,-0.7445436276718553,0.06642006543853879,True,101.16817422177851,107.86194880744175,98.12041516437546,9.74153364306629,0.003421059407748485,100,100,2
81,-0.049808354352042776,-0.8461779119363967,0.05886274464203533,True,99.29658831221002,102.92795030927867,94.5330387210182,8.39491158826047,0.003352094647894872,100,100,2
82,-0.04990347647592809,-0.5099227294905663,0.09786478144597263,True,97.75892991483767,101.12451385845101,90.13083793358877,10.993675924862245,0.003343586434510687,100,100,2
83,-0.04995708252154976,0.4911234960063953,-0.10172000103391353,True,106.81874565761622,110.52114605438057,99.69333908694456,10.827806967436004,0.00358554409376016,100,100,2
84,-0.04955917634715805,0.5558139542741485,-0.08916504518473026,True,107.11456809122674,107.47903162119043,97.04294230237304,10.436089318817395,0.0031850879854470955,100,100,2
85,-0.0496686799777425,-0.6011338530206605,0.08262499230106647,True,98.17602846781658,105.19326209925119,95.91189420173431,9.281367897516873,0.003199928731031627,100,100,2
86,-0.049268661278161846,-0.6574468597963341,0.07493938185882346,True,98.43354172640807,101.81434248630097,96.1454597716085,5.668882714692472,0.003228955339418293,100,100,2
87,-0.04986492553669176,0.44848215539926123,-0.11118597459535376,True,106.62375144226212,107.9631842578009,99.5001585000871,8.463025757713808,0.0031679855434503645,100,100,2
88,-0.04976278564581792,-0.27127698384054144,0.18343902583003074,True,103.33237113850763,110.60638429087517,99.23379268539163,11.372591605483535,0.0035854548021909158,100,100,2
89,-0.04925926019508592,-0.9620126185213406,0.051204380531722916,True,99.82628783384102,106.29487483021259,98.70025994198714,7.5946148882254505,0.0033720978947093163,100,100,2
90,-0.04965647520781931,-0.9955581275885269,0.049878027040067295,True,100.02031219969274,101.29461939098115,92.93733150220973,8.357287888771424,0.0034886642867520503,100,100,2
91,-0.04976264469814037,-0.00101079077953153,49.231399519892534,True,95.43173093937465,103.2930742670766,94.47819483752346,8.814879429553145,0.0029209461978441102,100,100,2
92,-0.0495369187578822,0.08275004070755614,-0.5986331648216198,True,104.95129823796081,104.95129823796081,97.4143782420438,7.5369199959170174,0.003202591721272066,100,100,2
93,-0.049506724558472055,-0.09010104838298473,0.5494578081715332,True,95.83913100301555,103.51954746888737,95.11909101587067,8.400456453016702,0.0032673329299674745,100,100,2
94,-0.04938902024072882,-0.6878802463677929,0.07179886397598588,True,101.42728970500156,102.02393847191382,95.50933681941635,6.5146016524974755,0.0030830901958398293,100,100,2
95,-0.049438004088170596,0.17611670080660688,-0.2807116182721268,True,94.62174617464376,102.54933655343888,93.97253193130467,8.576804622134205,0.003508864180386737,100,100,2
96,-0.049879329593368216,0.7907922534185129,-0.06307513683618554,True,91.81090168963586,101.50390186799352,91.64425869827267,9.859643169720854,0.003500358778077311,100,100,2
97,-0.04989386512127732,0.011155427463157768,-4.472608986617341,True,104.62390385414456,107.60133996894523,100.0,7.601339968945226,0.0033804640185533517,100,100,2
98,-0.04979178649299205,-0.27681971205773304,0.17987081238856126,True,96.69297515511832,100.40715516807825,94.18277098138319,6.224384186695062,0.0032509712668719157,100,100,2
99,-0.04971103228147364,-0.4488549348319211,0.11075077586055393,True,97.47967352811713,101.33585892111948,94.0563965812456,7.279462339873888,0.003319644247891176,100,100,2
100,-0.04969351402908114,-0.1353913888712427,0.36703600164955624,True,103.95376119312824,106.32717854367075,99.04831341892022,7.2788651247505385,0.0029268346274174254,100,100,2
101,-0.04956005952539487,-0.29104805022821634,0.1702813658656496,True,103.24196020109133,104.11511458535907,99.1696871320075,4.94542745335157,0.0033011739830822997,100,100,2
102,-0.0497732987540807,-0.26457728300353217,0.18812385624738695,True,103.36300814215758,106.05751127880022,97.20368322304786,8.85382805575236,0.0032601206787855686,100,100,2
103,-0.04978485316185305,-0.19404703381799002,0.25656075324784233,True,103.68553530483227,106.94380837598457,99.69509585000033,7.248712525984246,0.0030228573040223636,100,100,2
104,-0.04993635304610184,1.0983431073932253,-0.04546516722321797,True,90.40450506611485,100.91935966607197,89.97095125165397,10.948408414417997,0.003299156162731482,100,100,2
105,-0.04989773391729897,1.6589093232584398,-0.030078638547458122,True,112.15890330379852,112.86905711543102,100.0,12.86905711543102,0.0031276604089162906,100,100,2
106,-0.049854163098078476,0.013379060750415889,-3.726282735993164,True,95.36592771254846,100.17361542660655,94.20661356619647,5.967001860410079,0.0032137436905953485,100,100,2
107,-0.04951220070514247,0.5033836898039006,-0.09835877027408371,True,106.87481019113217,106.88325485656368,99.49753712371573,7.385717732847951,0.0033013706830503768,100,100,2
108,-0.049944646901886,0.21250271441552812,-0.23503063026397,True,105.54464311032042,110.10469000447122,99.27201583422574,10.832674170245483,0.003306520689283329,100,100,2
109,-0.04983111443530307,0.9080642725169364,-0.05487619758145881,True,108.72537050587908,110.74310350718646,99.1403119680759,11.602791539110555,0.0031182724703360423,100,100,2
110,-0.04972758689750172,0.7966711432988719,-0.062419214397033046,True,91.78401816526603,101.1526355826268,90.82763291089994,10.325002671726864,0.003200416087263905,100,100,2
111,-0.049809948426066813,0.17332616860662053,-0.28737696578936683,True,105.36549302494497,107.53850668502112,97.43275540652937,10.105751278491752,0.003401165721389341,100,100,2
112,-0.0495444334520973,0.05736319255858502,-0.8636972811702832,True,95.16479305899747,102.35541158608099,94.28527325016732,8.070138335913668,0.0032950098487626563,100,100,2
113,-0.04984184190796552,-0.10935672331128317,0.45577300049573594,True,104.07281488868728,105.35948381617764,99.41022025120354,5.949263564974103,0.0033492144544201067,100,100,2
114,-0.049949848541807895,0.3425627656725572,-0.14581225266482425,True,93.860606413201,100.08503735464048,89.40184444471909,10.683192909921388,0.003417493156605389,100,100,2
115,-0.04982922851746995,0.15533189381468354,-0.3207919976622315,True,105.28320716235338,106.26585288023877,99.14177511253327,7.124077767705501,0.0032652036569404425,100,100,2
116,-0.049684813404658024,0.012417913093190047,-4.001059842487145,True,104.6296770636947,108.44234340954509,98.19121779816156,10.251125611383529,0.0034951319945430263,100,100,2
117,-0.04958781400366498,-0.9571623777048156,0.05180710729831635,True,100.19589179017714,104.3715204783899,95.30134082920011,9.070179649189782,0.003143852084241385,100,100,2
118,-0.04961796972067706,0.14538810349501477,-0.34127943434091507,True,105.23773529014153,107.14764272348503,98.69262559143559,8.455017132049448,0.003191165337366039,100,100,2
119,-0.049292592020915175,-0.8360914093098982,0.058955984324250865,True,100.7495361678677,102.54122492336342,96.56951094242261,5.971713980940805,0.0032018051951834014,100,100,2
120,-0.0498790826871638,0.43208420670974335,-0.11543833797348337,True,93.45123459458857,100.32900296191781,92.49263901648187,7.836363945435934,0.0031566659445642032,100,100,2
121,-0.04998561545477505,0.7256535697856247,-0.0688835796253879,True,92.1087738091177,100.0,90.58374786006354,9.41625213993646,0.003332549759134283,100,100,2
122,-0.049966084164360984,0.5681147407330259,-0.08795069126333678,True,107.1708182505706,109.51005665864037,99.99278551741821,9.517271141222153,0.0032705676187722525,100,100,2
123,-0.04980458683910888,-0.23237079792820123,0.2143323829119771,True,103.51028489746501,105.665543764032,98.37952758929555,7.286016174736446,0.0031154895119647205,100,100,2
124,-0.049761334848058635,0.87906629029878,-0.05660703339124241,True,91.40723411463642,100.35064916918931,91.40723411463642,8.943415054552887,0.003318156223266891,100,100,2
125,-0.04974880161274517,-0.2735030025016614,0.18189490118099516,True,96.67780820285473,101.23975016772334,93.1630364922219,8.076713675501438,0.003488721494952791,100,100,2
126,-0.04990589492137644,-0.31909023714486284,0.1564005698448236,True,96.8862736714082,100.4191397652207,93.69292332057739,6.726216444643313,0.0031174947413899518,100,100,2
127,-0.04948830572579597,-0.22007554844038577,0.22486962352930998,True,103.5665097368421,104.25304207901013,97.12390827222504,7.129133806785092,0.0034375845992027465,100,100,2
128,-0.04977433479827276,-0.35036264890439045,0.14206518575516178,True,97.02927901097905,101.20059320651181,93.80174237625205,7.398850830259761,0.003446074658849917,100,100,2
129,-0.049588101279291474,-0.023663055611330818,2.0955916299983977,True,104.46468271591904,106.8629769824281,97.2726078076021,9.590369174825994,0.003288806911080466,100,100,2
130,-0.049789240184656955,-0.7329313562099012,0.06793165521274003,True,101.2212758768851,101.23567889045391,91.72143326290956,9.514245627544355,0.003269228898865921,100,100,2
131,-0.04982244260727503,1.592902020544746,-0.03127778228960786,True,111.85705908368168,113.46375003175235,97.32688767224079,16.136862359511568,0.00336276474986735,100,100,2
132,-0.049284406622906715,-0.5091263935109308,0.09680190862438286,True,102.24471164303309,102.24471164303309,95.37365692627874,6.871054716754344,0.0032176903244957797,100,100,2
133,-0.049082575770727575,-0.9378068060023932,0.052337619493243816,True,100.2844027155633,105.44585843230362,97.82269156590539,7.623166866398236,0.0035393831185210846,100,100,2
134,-0.04961320624115378,-0.00022263288197907826,222.84761262631517,True,95.42812677898428,102.56795930232421,93.77087210173923,8.797087200584983,0.0034841973379580696,100,100,2
135,-0.04938410270740272,-0.5983126060146294,0.08253896409830151,True,98.16312721193606,101.04197306273909,95.07610003066942,5.965873032069666,0.003092952002527331,100,100,2
136,-0.04924656268613002,-0.5693630602460907,0.08649413023887538,True,101.96925591396054,103.12850437464563,97.27436449147372,5.854139883171911,0.003265479703914768,100,100,2
137,-0.04949079113617683,-0.9073916066317946,0.054541821606533133,True,99.57651188393885,102.12252391215974,95.79308030511696,6.329443607042776,0.0032511263441688193,100,100,2
138,-0.0493155423043314,-0.9238025931160029,0.053383204021964455,True,100.34844245879259,102.52396779777432,95.44354850224379,7.0804192955305325,0.0033307364586791974,100,100,2
139,-0.04919437425117535,-0.8126569729514536,0.06053522690208199,True,99.14330070205904,102.36848098739726,97.36451897475114,5.003962012646127,0.0032730125022111915,100,100,2
140,-0.04958697648041901,0.1646067130878068,-0.3012451652197662,True,94.67438009731146,101.44799391866287,93.30038274548633,8.147611173176543,0.003216972459068451,100,100,2
141,-0.04960291088737087,-0.8210074186875912,0.06041712871080123,True,100.81851361730824,105.6380297821716,98.38974285346627,7.248286928705326,0.003068147137055057,100,100,2
142,-0.04956938591182384,-0.5789669627316383,0.08561695071157308,True,98.07466168813271,106.50055247995809,97.56527532376124,8.935277156196847,0.0031351795714634175,100,100,2
143,-0.0497055618642584,1.226099867386599,-0.040539570377904496,True,89.82028729021026,101.25405953262769,89.20066184772075,12.05339768490694,0.003221351092348514,100,100,2
144,-0.049617135237972454,-0.5783912996164033,0.08578471922188177,True,98.07202924328305,106.74232267196956,97.46673988500281,9.275582786966751,0.003066416095689749,100,100,2
145,-0.04943444924579999,0.23577837456377745,-0.20966489966376495,True,105.65108017404391,105.65108017404391,97.90079466501999,7.750285509023925,0.0033206009260369437,100,100,2
146,-0.04978797514068376,-0.17295953276203507,0.2878590982850545,True,103.78196615488619,104.94130868973207,94.94914379683982,9.992164892892248,0.003283067145385599,100,100,2
147,-0.04928174690402362,-0.6937542989364425,0.07103631210584904,True,98.59957169886765,101.67492724143584,97.03644846864742,4.638478772788417,0.003063435098430083,100,100,2
148,-0.049782976061991425,0.508603069667447,-0.09788178450150195,True,93.10132215211416,101.08754977648104,93.00528198691042,8.082267789570622,0.003568806566559471,100,100,2
149,-0.04949456786962661,-0.35157054482572675,0.14078132709940483,True,97.0348025877254,105.62317299190563,97.01038170286924,8.612791289036394,0.0033423892532480895,100,100,2
150,-0.049332869829487744,-0.3049799220203721,0.16175776261819752,True,96.82174873417772,102.24399928133208,96.39033683569187,5.853662445640211,0.003280541330382661,100,100,2
151,-0.04963668529815609,0.5296109171157857,-0.09372292695262609,True,106.99474445065071,106.99474445065071,99.37473083114918,7.620013619501535,0.0033311232822053924,100,100,2
152,-0.049833170484336275,1.0664691789917498,-0.04672724863127225,True,90.55026107590265,100.6765249705858,89.58387492080332,11.092650049782478,0.0033791574029613915,100,100,2
153,-0.049788969894903064,-0.2200967859448385,0.22621397982331903,True,103.56641262004281,105.37156503396345,97.82542752131755,7.546137512645899,0.0031780127453674136,100,100,2
154,-0.049763402020443125,0.41159700196991916,-0.12090321791041615,True,93.54492035484284,101.36275240178989,93.36766724058019,7.995085161209701,0.003069050551918776,100,100,2
155,-0.04936182751734925,-0.4257627977248511,0.11593738997658808,True,102.62592430468855,102.70612553944412,94.65462401964368,8.05150151980044,0.003381170830616645,100,100,2
156,-0.04997465808245432,1.1764777702327263,-0.04247820005351102,True,90.0472037464233,100.0,89.21757590936546,10.782424090634535,0.003145365729503246,100,100,2
157,-0.04994747428201153,0.4060305993781696,-0.12301406435501515,True,93.57037490881017,100.20692303798293,89.43399213779217,10.772930900190758,0.0031629075563711136,100,100,2
158,-0.04986134634480287,0.3737025293488559,-0.1334252311101076,True,106.28179234110449,111.48830658266294,96.04325489024433,15.445051692418616,0.003187098713654149,100,100,2
159,-0.04941423756666096,-0.1129685234861232,0.4374159813882218,True,104.0562985191013,105.02453062903405,97.5675706518802,7.4569599771538435,0.003436449409319567,100,100,2
160,-0.04949544013546138,-0.4304047407293092,0.11499743253662285,True,97.39530279607763,103.24846959167401,94.2300128502043,9.018456741469706,0.003077035308270219,100,100,2
161,-0.04976496994761856,0.024773347186737113,-2.0088109036093917,True,95.31382287926846,100.45067699444554,90.76883517931907,9.681841815126475,0.003360326559719988,100,100,2
162,-0.04925834673522852,-0.8854110035777601,0.055633312141125275,True,100.52400302446941,104.72774973758465,98.29126904155873,6.43648069602591,0.0033713610268251617,100,100,2
163,-0.04953125669407148,-0.2559296354362919,0.19353466670490846,True,96.5974471055428,102.78841431720413,94.68088268393306,8.107531633271066,0.0034771190313989415,100,100,2
164,-0.04994992200264032,0.477921922002856,-0.1045148165485111,True,93.24162370525106,100.14518344698574,93.24162370525106,6.903559741734682,0.0030304278434488767,100,100,2
165,-0.04963741875973977,-0.46023111078051815,0.10785324502630504,True,102.46830445589457,108.05043987467204,98.02506871529124,10.025371159380796,0.0033686350643980685,100,100,2
166,-0.049797735601020104,0.8689951646607792,-0.05730496281928006,True,91.45328827741727,100.8351241921999,91.22336644458304,9.611757747616863,0.0029807628400931076,100,100,2
167,-0.049494672764071164,-0.6450176138698385,0.07673383129357295,True,98.37670413588272,102.53144231034953,95.47277443277221,7.058667877577321,0.003451559246863465,100,100,2
168,-0.0499396355552963,-0.16751878313308977,0.2981136480416075,True,103.80684611151347,109.84482443696213,99.85538461204753,9.989439824914598,0.003479613545217075,100,100,2
169,-0.04964193563757302,-0.28753638503469514,0.17264575275084942,True,103.2580186642927,107.77331304475747,98.27912485095229,9.494188193805186,0.0034916864273555944,100,100,2
170,-0.049973567957211015,3.200078492363933,-0.015616356935137235,True,119.20650238438132,119.52507952337082,100.0,19.52507952337082,0.0032761445231544654,100,100,2
171,-0.04929048561968225,-0.8652262939598407,0.05696831680195107,True,99.38369449258666,101.66011804201119,94.21058249463823,7.44953554737296,0.003462563729772537,100,100,2
172,-0.04944314464266801,-0.7451569479415002,0.0663526586972784,True,98.83463042514481,100.72613443206744,95.49684352768962,5.2292909043778195,0.003284648446101722,100,100,2
173,-0.04974762189952851,-0.3927674173493349,0.12665923827200265,True,97.22319140755157,100.56483837842553,95.31793297353383,5.246905404891706,0.0032389490756467077,100,100,2
174,-0.04940611933776861,-0.8670962250183792,0.05697881954995408,True,100.6077545159498,104.47112087248539,97.5281935516608,6.94292732082458,0.0034277855257816565,100,100,2
175,-0.04912790318310217,-0.5542051819290064,0.08864569438362893,True,97.96142875620252,103.91634599091998,97.1630725144864,6.753273476433577,0.0034273806185633597,100,100,2
176,-0.049857405856935905,0.3952450898995549,-0.12614301133913225,True,106.38030412876154,106.67353065446093,99.72285282878967,6.950677825671264,0.0032369325435249543,100,100,2
177,-0.04944524543497846,-0.8299572297321688,0.059575654821314925,True,99.22241289572716,107.06744995540637,99.22241289572716,7.845037059679214,0.0033237437434937584,100,100,2
178,-0.04979917655845193,0.5625119614150549,-0.08852998687028298,True,92.85480265021147,101.83361987550231,92.32174663072945,9.511873244772858,0.003319153352019067,100,100,2
179,-0.04960626090513932,0.037498899730474405,-1.322872437903173,True,95.25563031079189,105.39426988448794,95.19527573970828,10.198994144779661,0.003277543223316028,100,100,2
180,-0.049508771563408556,-0.7425338516254317,0.0666754403924241,True,98.82263529082991,102.7315752580803,94.03408369765819,8.697491560422108,0.003248419656682011,100,100,2
181,-0.0497477506252819,-0.07843225693084366,0.6342766684521925,True,104.21422911186227,107.24770698178757,99.27676142849839,7.970945553289184,0.00342371842425678,100,100,2
182,-0.049656820827607064,0.033454727408641236,-1.4842990714305113,True,95.2741238712059,104.0870171473158,93.8962828868724,10.190734260443406,0.0033973638387206364,100,100,2
183,-0.049333627807271886,-0.2918716031072533,0.1690251031003636,True,103.23819418329818,103.41933593460578,96.06750255776987,7.351833376835913,0.003235174054027913,100,100,2
184,-0.04982735502291024,0.3821630156533667,-0.13038246240998147,True,106.32048122529464,107.82747325987047,99.05584891334944,8.771624346521037,0.0033701145267825768,100,100,2
185,-0.04974120166129888,0.6809693063340946,-0.07304470436277644,True,92.31311008856734,101.95044557325188,91.5362621629595,10.414183410292381,0.003183856014833168,100,100,2
186,-0.049972494151002606,0.3782977668895615,-0.13209830595059088,True,106.30280586286196,111.54075654147344,99.64112882570222,11.899627715771217,0.003201544533362707,100,100,2
187,-0.049907287089851336,0.8744665098268426,-0.05707169631886042,True,91.42826841072458,100.12036417202509,91.42826841072458,8.692095761300507,0.003240000609322009,100,100,2
188,-0.049815287756777675,1.0472205830392627,-0.04756904950454931,True,109.36171718718705,111.09372303729323,98.3951366963407,12.69858634095253,0.003126945792746043,100,100,2
189,-0.04988657031913269,0.1891302431143949,-0.2637683402593573,True,94.56223666028154,100.47430551629358,91.78241852197068,8.6918869943229,0.0035163284964524525,100,100,2
190,-0.049729590448756814,-0.8226550236738823,0.06045011458955202,True,100.81097929880556,101.22979779033993,95.33338555633455,5.896412234005382,0.0031229961529232017,100,100,2
191,-0.049913641364023834,0.7536786488510361,-0.06622668884161162,True,108.01938183103782,110.32287877125647,99.56032467152146,10.762554099735013,0.0031157936576492276,100,100,2
192,-0.049623755038325994,0.7046645173323788,-0.07042181608091283,True,92.20475446441309,101.62332491282397,91.29835835783986,10.324966554984115,0.003438485561632456,100,100,2
193,-0.04923679307783883,-0.9993311239580019,0.04926974843216037,True,99.99694130256879,103.88159157737076,98.12881132042305,5.752780256947702,0.0033095585584515795,100,100,2
194,-0.04987101125486317,0.7644917709682609,-0.06523420283739541,True,108.0688290630609,108.6310625694449,98.67874720510446,9.952315364340436,0.0032726277051133017,100,100,2
195,-0.04994779529170941,0.4164843974511357,-0.11992717037513889,True,93.52257082658187,100.0,91.38457137026842,8.615428629731582,0.0031529048641022275,100,100,2
196,-0.049887951994982194,0.15884487332939126,-0.31406712063996695,True,105.29927163580267,105.9789286000052,95.08458556674033,10.894343033264875,0.003328130323326384,100,100,2
197,-0.04934913769650939,-0.7024277451506454,0.07025510885240699,True,98.63923442557544,106.56793741110229,98.02980822170404,8.538129189398248,0.0033217169057215322,100,100,2
198,-0.04981472404849781,1.1647772184886613,-0.04276759817910427,True,109.89929090233635,112.6747837830839,98.57380769634727,14.100976086736623,0.0032557032993935,100,100,2
199,-0.04982839821802289,-0.12835277504769108,0.38821442075957086,True,103.9859480090248,109.28906571866533,98.1032522524034,11.185813466261934,0.0032686864984299477,100,100,2
200,-0.04970020067956408,-0.5822746514574625,0.08535525383968201,True,98.08978738912016,103.84428844035632,93.99358055959267,9.85070788076365,0.003477342102164066,100,100,2
201,-0.04973972290606788,-0.7274714572844844,0.06837343569703341,True,101.24624340116355,104.49716662764266,95.15759834502269,9.339568282619965,0.0033490289957931333,100,100,2
202,-0.04968612841557157,-0.6028187517049478,0.08242299741845234,True,101.81626667365374,105.63356534142862,97.75734855509104,7.876216786337579,0.0030865693299506336,100,100,2
203,-0.049208924065084064,-0.9040889075973921,0.0544292974413947,True,99.56140900026787,103.75488503720607,97.29143146198889,6.463453575217173,0.003274899240351509,100,100,2
204,-0.04993559448708846,0.551620477409538,-0.0905252733212348,True,107.09539177736846,108.26481833734572,99.49583037115514,8.76898796619058,0.0031348302988812482,100,100,2
205,-0.049291574896797336,-0.46537839068500303,0.10591719745354686,True,102.44476650441621,103.5199433058611,97.49370676169474,6.026236544166366,0.003549351592609878,100,100,2
206,-0.0496105629758119,-0.06734650813202685,0.7366464030852914,True,104.26492303606493,106.66327408327014,98.5463534316543,8.116920651615843,0.003196312888605017,100,100,2
207,-0.04931108939908716,-0.8965247231426335,0.05500248696570743,True,99.52681880700592,104.73363651026101,97.99456898559441,6.739067524666595,0.0033981574670095315,100,100,2
208,-0.049962135475671854,0.3942297048468528,-0.12673356386242063,True,106.37566088329095,107.36993129624277,99.71841340956195,7.651517886680821,0.003543995429327346,100,100,2
209,-0.0493707350572607,-0.7711252890501757,0.06402427174716642,True,98.95338082619779,105.26442729096831,97.36592311868344,7.8985041722848734,0.003566128089263566,100,100,2
210,-0.049922594215107106,0.6297173194741306,-0.07927778492228366,True,107.45252014676758,113.05800130655767,98.79025831454756,14.267742992010113,0.0032964465000784454,100,100,2
211,-0.04992714999103647,-0.33342783757436617,0.14973899706229823,True,96.95183795963192,100.64489672943654,92.41153132511313,8.233365404323408,0.0029774921885924017,100,100,2
212,-0.04924225629021733,-0.5908443665560931,0.08334217786866621,True,101.87102423528768,103.14565983549187,97.26011004316157,5.885549792330295,0.0032433946369548705,100,100,2
213,-0.04902741087305707,-0.8892785109268841,0.055131671653637956,True,100.50631733377158,102.77138646174899,97.4305769238839,5.340809537865084,0.0035289975495527755,100,100,2
214,-0.0496617743182598,-0.01569980293486171,3.163210043100916,True,95.49890219522105,100.35220670928423,95.26059622125159,5.091610488032643,0.0032446112873503754,100,100,2
215,-0.04955335185210333,0.14293811182760865,-0.34667697242193485,True,94.77346825543204,102.73593108446059,94.2339962851043,8.501934799356292,0.003203247640941167,100,100,2
216,-0.04947115964974913,-0.8193378102669936,0.060379441824646427,True,99.17385144487584,105.93252973029249,98.70470799083981,7.227821739452679,0.003079782216439678,100,100,2
217,-0.049468278680092355,0.04325545958130198,-1.1436308655353182,True,95.22930618834947,104.82499563031787,93.48706463110784,11.33793099921003,0.0032273836675209226,100,100,2
218,-0.04967537120733448,0.07619996654225054,-0.6519080448649673,True,95.07865453918431,101.70962133861731,91.91538828527119,9.794233053346119,0.0033320154151048925,100,100,2
219,-0.04934958623140499,-0.9918691769517829,0.04975412824407587,True,99.96281863004549,101.1139043332258,94.56164654605176,6.552257787174042,0.003255073182210153,100,100,2
220,-0.04993609456397161,0.5889104693874546,-0.08479403433922954,True,107.26591485714889,109.60601494262251,99.57348612369641,10.032528818926096,0.003259212304215373,100,100,2
221,-0.049021148961351305,-0.9119703290604623,0.05375300862239047,True,100.40255011611579,102.85061255423005,97.30787341405487,5.542739140175186,0.0032035825950740573,100,100,2
222,-0.04927234770009139,-0.7696408089115316,0.0640199260870471,True,101.05340754010876,102.81426667766779,98.58271463096409,4.231552046703698,0.003180469227511894,100,100,2
223,-0.049372792117169634,-0.3026881822579384,0.16311436987353597,True,96.81126885736313,100.0,95.65976516003256,4.340234839967437,0.003451031678566004,100,100,2
224,-0.04986255632905902,1.4474625317247343,-0.03444825357216324,True,111.19198011101882,113.41713237903814,99.12543086380282,14.291701515235317,0.0030227889189876453,100,100,2
225,-0.04934898292146354,-0.5756927535744535,0.08572104237035755,True,101.94031091442669,103.70467377721492,96.98003665719236,6.724637120022564,0.0032330604550416158,100,100,2
226,-0.04900179676644036,-0.6319663412203593,0.07753861807230965,True,101.68297791523065,101.80298366617325,95.61309781531956,6.189885850853685,0.003429610318562922,100,100,2
227,-0.04967204175648114,0.3826927660467078,-0.1297961345588086,True,106.32290371625793,106.92042215804452,97.82948535724213,9.090936800802382,0.0033798891549146936,100,100,2
228,-0.049929982215012,1.2854038646931474,-0.03884380900545318,True,110.45090344294923,111.4846214501624,99.17242880933868,12.31219264082371,0.0033932100477976285,100,100,2
229,-0.04961493247615081,1.0483769126855336,-0.047325472237896446,True,109.36700495696293,109.72885043724764,98.779134132465,10.94971630478264,0.003293244045501352,100,100,2
230,-0.049831394390360356,0.8117416525539968,-0.06138824370238361,True,108.28489763534785,109.85785025281072,99.60224601913603,10.255604233674688,0.0033560297445218838,100,100,2
231,-0.049633172995154594,-0.6191019618767455,0.08016962641290395,True,101.74180532357217,103.85024274597427,95.2483571267128,8.601885619261466,0.003225001908038515,100,100,2
232,-0.04948000503636714,-0.8802743390799296,0.0562097551180284,True,99.45250756715294,101.48954639104602,94.1485610623114,7.340985328734618,0.003463395189299317,100,100,2
233,-0.049661195964242205,-0.7027301876708606,0.07066893785912344,True,101.35938253765603,106.03391781286606,97.74509269012779,8.288825122738274,0.0033224763309257278,100,100,2
234,-0.04937310651840587,-0.7595908130948148,0.06499960987843456,True,101.09936507851376,101.38651501597381,95.07048621114015,6.316028804833664,0.0035264807433546385,100,100,2
235,-0.049634282126314974,1.1010605453793838,-0.045078612919703595,True,90.39207851759785,101.90342397232767,89.96152825272978,11.941895719597895,0.003289083119015901,100,100,2
236,-0.04979307636406863,-0.7101708312059306,0.070114223474253,True,101.32535728359055,104.17389672808424,92.81922332926014,11.354673398824104,0.003365775250183631,100,100,2
237,-0.049910651970860594,0.7468330060724885,-0.0668297351148621,True,92.01192254924646,100.23504347287658,91.6748582090741,8.560185263802481,0.0030298377290673105,100,100,2
238,-0.04933646184607639,-0.9278075574002054,0.05317531793373326,True,99.66987180752737,101.73748773285165,93.39102434679869,8.34646338605296,0.0033955855711482437,100,100,2
239,-0.049942034503264864,-0.20836413784365687,0.23968632520025193,True,96.37993525556472,100.72773299460992,93.12676601815964,7.60096697645028,0.003246223425211039,100,100,2
240,-0.049928782708304545,1.852121924669521,-0.026957611182759186,True,113.04244352725892,113.07394090016726,98.88470878126093,14.189232118906332,0.003370201458166019,100,100,2
241,-0.0493048042162691,-0.740723238571454,0.0665630584391513,True,98.81435555415317,103.9611167132093,97.7093317738566,6.251784939352689,0.003203870036199206,100,100,2
242,-0.049585225619249766,-0.5183011192730709,0.09566876044719752,True,102.20275661944318,106.14866243593899,98.20837138673487,7.94029104920412,0.0032443811131135157,100,100,2
243,-0.04942649165719528,-0.21051049840971156,0.23479347600516187,True,103.61024967088258,103.63437379905245,96.86668247024735,6.7676913288051,0.0032519069247811,100,100,2
244,-0.049247482092298484,-0.7482772290113057,0.06581448717525307,True,98.84889913129307,103.91737570911619,98.6212532559015,5.296122453214693,0.003248544967846022,100,100,2
245,-0.04959669785871286,-0.24852936260823633,0.19956071724568616,True,96.56360646233207,101.44056680019987,94.88615003211137,6.554416768088501,0.00311113733966443,100,100,2
246,-0.049923584852225936,0.6839666609446338,-0.07299125484168473,True,107.70059648824517,109.05546299031248,99.76078342501172,9.294679565300754,0.003243495478698354,100,100,2
247,-0.049700619743308416,0.030494449989736362,-1.6298250914522594,True,95.28766089805147,101.22491253222944,93.16074463823239,8.064167893997052,0.0033679588055927473,100,100,2
248,-0.04985944168781991,0.04964729992992877,-1.0042729767417473,True,104.79992300275248,105.16342317617261,99.80800179668786,5.355421379484753,0.003124832195061685,100,100,2
249,-0.04981334472253004,0.737079747860986,-0.0675820287656647,True,107.94347686116092,109.67011550133115,99.63801659786019,10.032098903470967,0.0033735269015321896,100,100,2
250,-0.049819978734838066,-0.8097862140191077,0.06152238439275593,True,99.13017303352157,100.06388082122895,93.98976864740303,6.074112173825924,0.003402411490393011,100,100,2
251,-0.049689890710607656,-0.3827214926688809,0.12983302914110928,True,97.17725248601016,101.34554753265499,94.04861643583847,7.296931096816522,0.0031451996327939696,100,100,2
252,-0.04932194355941582,-0.3743901422620543,0.13173942898553384,True,102.86084587375734,103.65233999698933,97.81149643371212,5.840843563277204,0.003386374992388483,100,100,2
253,-0.04969232468987891,-0.1390175066149174,0.35745371859911224,True,103.93717935085635,106.10480173351523,98.81219022580814,7.292611507707093,0.0032001043851031365,100,100,2
254,-0.04993492185276125,0.2054007826132692,-0.2431096961630339,True,94.4878332518099,100.0,90.39333038975435,9.606669610245646,0.0032838640882186737,100,100,2
255,-0.04939025333718564,-0.6267070074906548,0.0788091608149477,True,101.70702827667115,101.70702827667115,93.95678208838574,7.750246188285416,0.0034371878449419597,100,100,2
256,-0.04959481879290229,0.8653657734427873,-0.057310816206184514,True,108.53011491106862,109.80255898277383,98.6428630236119,11.159695959161937,0.00328693355031721,100,100,2
257,-0.0491141248850313,-0.7125400987632728,0.06892822589251708,True,98.68547711940265,101.32180005000107,95.94328961386529,5.378510436135784,0.003340313221727538,100,100,2
258,-0.04923853684269365,-0.7827118864399775,0.06290761351107899,True,99.00636507656327,102.93356875590842,96.40738309893841,6.526185656970014,0.0031638361930266274,100,100,2
259,-0.04998489258162639,1.4171347324925765,-0.03527179980530767,True,111.0532943818534,115.49260365116666,99.95139430126997,15.54120934989669,0.003574125438223021,100,100,2
260,-0.04958673176173174,-0.7059622646372413,0.07023991825853734,True,98.65539739897471,100.9038741190922,95.25091855234085,5.652955566751345,0.00340821452623514,100,100,2
261,-0.049850633137226374,0.12157720097806818,-0.41003274245653293,True,94.87114937875155,100.77940892081327,93.89420274007304,6.8852061807402265,0.0034064354192600336,100,100,2
262,-0.04962774561125132,-0.3432929333845219,0.14456384266920916,True,103.00305002959391,104.33234411243124,98.87119150778352,5.461152604647722,0.003294873964631163,100,100,2
263,-0.04953516213134289,1.4908107583237165,-0.033226995347847336,True,111.390206839173,111.5123682487363,97.44133458065498,14.071033668081313,0.003504067822020749,100,100,2
264,-0.04934903411933261,-0.7696984258322358,0.06411476555376089,True,101.05314406419352,103.27312638247858,97.58225989677358,5.690866485705001,0.002994518334902827,100,100,2
265,-0.049772664479745383,-0.372353605487072,0.13367042441992272,True,102.87015873505165,106.41770574478305,99.02393864422542,7.393767100557625,0.0031999891991750283,100,100,2
266,-0.04992992183591666,2.310863407204639,-0.021606608889235445,True,115.14021846030937,116.5851782857752,100.0,16.5851782857752,0.0031307033143714203,100,100,2
267,-0.04978312852008811,-0.176023040258371,0.28282166043158435,True,96.23204293188205,102.21087465277954,94.26427638511774,7.946598267661798,0.0030499748802065006,100,100,2
268,-0.04955951087556384,-0.3377509345447321,0.14673389710191942,True,103.02839298785628,104.34771475001277,96.40217749703379,7.94553725297898,0.0033388524963200938,100,100,2
269,-0.04991741791823937,0.936711765590835,-0.053290051168252105,True,108.85637237763713,109.81866749539824,100.0,9.818667495398245,0.0031900046430495973,100,100,2
270,-0.04934781234539055,-0.5218610396695191,0.09456121188246054,True,102.1864774904443,103.90010424160644,95.1520329428207,8.748071298785746,0.0034898959445035277,100,100,2
271,-0.049820124536430775,-0.5240237055772959,0.09507227250634766,True,97.82341214566365,100.2811874771285,94.73894226196452,5.542245215163973,0.003382757813224456,100,100,2
272,-0.04940229046411298,-0.46966708025911086,0.10518576357716664,True,97.5748452068127,102.18176927602538,95.90661722386355,6.275152052161829,0.003360231588789112,100,100,2
273,-0.04994561757059874,0.24169426602884544,-0.2066479209094596,True,94.32186709736158,100.9316186999881,90.40012587708728,10.53149282290083,0.0033850518545737044,100,100,2
274,-0.04968483389119312,-0.02963702749561949,1.6764445725380792,True,95.56263560811905,102.51926087128352,94.15260209551683,8.366658775766695,0.0032569017470977083,100,100,2
275,-0.049352205601247694,-0.8592124598658551,0.05743888491672109,True,99.35619388299676,101.99244335490738,96.97236959956933,5.020073755338046,0.00324239456250889,100,100,2
276,-0.04938235617938415,-0.7164183211377271,0.06892949931956122,True,101.29678819125344,104.28683177635885,98.90977433377279,5.377057442586064,0.003212260245828488,100,100,2
277,-0.049564301263382265,0.27151719456886775,-0.18254571811587703,True,105.81450991300967,107.33959286015269,95.2052370679276,12.134355792225094,0.0034168396967116125,100,100,2
278,-0.04943970641771768,-0.3554149477978839,0.1391041843457661,True,97.05238262461887,103.85877657877212,95.6569528467679,8.201823732004229,0.003550849104878922,100,100,2
279,-0.049377245848761124,-0.7672197320637849,0.06435867559863022,True,101.06447886135516,106.32464786841888,98.23536751324338,8.089280355175504,0.0034808187685706725,100,100,2
280,-0.049878147721228436,1.7721858308561915,-0.028144987310462208,True,87.32309554045496,101.4458819741024,86.97684408765008,14.469037886452327,0.003429347859963367,100,100,2
281,-0.04945894946481739,-0.18121235448224302,0.2729336507222738,True,103.74422689826629,103.92118024193209,97.9133004663315,6.0078797756005855,0.003244879656490729,100,100,2
282,-0.04910833820943533,-0.9276548935613744,0.052938154641649915,True,100.33082630761258,102.1593130619228,94.9657886352438,7.193524426679005,0.0034372735286831778,100,100,2
283,-0.0498628193744231,-0.5838161516457583,0.08540842735142129,True,98.09683650191552,100.00676822708353,94.57417297745833,5.432595249625194,0.003316058790981471,100,100,2
284,-0.049225271245753044,-0.5134350693625159,0.09587438448034225,True,97.77499146327015,101.37470482334571,96.54665505608239,4.828049767263323,0.0032753438855193744,100,100,2
285,-0.04995009673354744,0.2536148406404234,-0.19695257819855652,True,105.73264439453476,109.28175308622768,99.77637427336005,9.505378812867633,0.003259744368947494,100,100,2
286,-0.04988042892464439,0.18733913215008496,-0.2662573929545225,True,105.42957278397783,107.45206287077659,99.89982718605867,7.552235684717914,0.003261844220133888,100,100,2
287,-0.049636363694750725,0.3712574666324758,-0.13369795399667467,True,106.27061133508818,106.27061133508818,99.94941375961886,6.321197575469313,0.0033047505195661197,100,100,2
288,-0.04991213355114905,-0.37133746005061347,0.13441179229358116,True,102.8748054576745,106.73111279110586,99.0640232422055,7.667089548900364,0.0028985389474483225,100,100,2
289,-0.04978581155202697,0.5890815256997731,-0.0845142979028007,True,92.73330292092922,101.21562550834567,92.2151661384296,9.000459369916072,0.0031360487188302703,100,100,2
290,-0.04931938645397589,-0.18537381297657207,0.2660536872066659,True,103.72519700093481,103.96401500085884,97.73184626733162,6.232168733527217,0.0035172096737789045,100,100,2
291,-0.049376955819710626,-0.23647126738112678,0.20880742242620337,True,103.49153389639018,103.99048192048876,97.3461380264567,6.644343894032062,0.003427396413934056,100,100,2
292,-0.04986734040829148,0.4050265095376117,-0.1231211765995793,True,106.42503349749656,108.46068085717592,99.9158047199043,8.544876137271615,0.003219519208036692,100,100,2
293,-0.049665775264808164,-0.13736885607987054,0.36155047572013654,True,103.94471845053984,105.06129186375551,97.77442053045819,7.286871333297327,0.0029469795630025627,100,100,2
294,-0.04983555269487729,0.5340442620945406,-0.09331727018172704,True,92.98498234467941,103.24515565456299,92.6570867549206,10.588068899642394,0.0034546992912765336,100,100,2
295,-0.04959674051811834,0.10953489387131625,-0.4527939797557623,True,105.07378245988437,107.0655333201301,98.29239143139777,8.773141888732326,0.0033312436124279,100,100,2
296,-0.04985293305884721,0.1019956502023851,-0.48877508952515536,True,105.03930631812487,106.74733596754224,99.09697650148068,7.650359466061559,0.003243253521045678,100,100,2
297,-0.049384653046925985,-0.5103091847751712,0.09677398432223705,True,97.76069713284531,101.12073448022548,94.07102013773189,7.049714342493587,0.0034471939387014606,100,100,2
298,-0.049284483652660534,-0.7240042533384631,0.06807209132460806,True,101.26209854791318,103.35559730786183,99.2221936594735,4.133403648388324,0.003215031692410025,100,100,2
299,-0.049749524261348224,0.1946885650233704,-0.2555338792259129,True,94.53681905839815,101.32162932564425,94.53254361949239,6.789085706151866,0.0034645570997673962,100,100,2
300,-0.04953942463077811,-0.10376126373167285,0.4774365967523999,True,95.9015976828985,102.81610904751994,93.99058177166941,8.825527275850533,0.0033897633698219526,100,100,2
301,-0.049555672655150075,0.3641930392742907,-0.13606979626490717,True,93.76169352329624,101.12144158089598,92.74537635917137,8.376065221724602,0.00353760641205884,100,100,2
302,-0.04993758915203191,1.2857748581347275,-0.038838517362578026,True,110.45259995562947,111.05047224114534,98.66811208692371,12.38236015422163,0.0032556879058235426,100,100,2
303,-0.0494249406045413,-0.5517423876709406,0.08957974175806545,True,102.04983333422645,104.05275142661606,98.7522494191812,5.300502007434858,0.003390534033128929,100,100,2
304,-0.049334873888846456,-0.499040167173257,0.09885952501237912,True,102.29083485967205,102.73968702004053,94.1365969925578,8.603090027482736,0.00342619146772058,100,100,2
305,-0.04972309968515479,-0.03942312800992403,1.2612672356348267,True,104.39261361800767,106.67526991881066,99.291956284529,7.383313634281663,0.003417336837087506,100,100,2
306,-0.04989454253817118,1.2621058549636028,-0.039532771630799594,True,89.65563582298006,100.55994964191765,88.52042414609521,12.039525495822446,0.003367489252905679,100,100,2
307,-0.04933922746097948,0.05358139704665403,-0.9208275666649596,True,95.18208679878096,100.98504387715798,94.77590112343839,6.20914275371959,0.0034193942241781683,100,100,2
308,-0.04985096513777621,-0.14681531094307618,0.3395488169289416,True,96.09847916069147,101.19472697605819,92.30398106543991,8.890745910618278,0.0033884526474463653,100,100,2
309,-0.04980312121428173,-0.17515228739526864,0.28434182593282564,True,103.77193892630746,105.84780224106427,99.9606894705809,5.88711277048337,0.0028741955779781106,100,100,2
310,-0.049672242593022296,0.13419177180145483,-0.3701586313840129,True,94.8134643176181,103.86144881741657,93.88158203567384,9.979866781742729,0.0031131643112835648,100,100,2
311,-0.04931664683127109,-0.843015711540479,0.05850027010902638,True,100.71787208645979,101.57450970353496,95.1663075964685,6.408202107066458,0.003568765737375562,100,100,2
312,-0.04936689963854331,0.1042316961861983,-0.47362655933714104,True,105.04953151334391,105.04953151334391,96.93090445545975,8.118627057884154,0.0032451474453300683,100,100,2
313,-0.049506839486516754,-0.914102083518822,0.054158983311733556,True,99.60719816529415,108.35716523649195,97.76914951485814,10.588015721633809,0.0034056734295368797,100,100,2
314,-0.04912137173053164,-0.8169534724290222,0.06012750222418494,True,100.8370518728725,104.03354094194884,97.83402281879685,6.199518123151989,0.003349100514667944,100,100,2
315,-0.049375636982901934,0.3424238018929631,-0.14419452359896426,True,93.8612418794593,102.13295898760401,93.5317598090161,8.601199178587919,0.0032701500771151176,100,100,2
316,-0.04943718906848202,-0.8750134201051953,0.056498778113070094,True,100.57155004344077,103.66919349003649,97.18170194894003,6.48749154109646,0.0030120565322135843,100,100,2
317,-0.04956447334419774,-0.14766766111581323,0.3356488006221292,True,96.10237686537836,103.36620783984615,93.04949379816023,10.316714041685927,0.0033886161816963317,100,100,2
318,-0.04978434507968631,0.23194608618980372,-0.21463757331497846,True,94.36644446410897,101.73321892072109,92.97284876320796,8.760370157513123,0.0035009920743730234,100,100,2
319,-0.04989387480863056,1.5155088907133805,-0.03292219208634567,True,111.50314871382946,111.50314871382946,99.64033954636614,11.862809167463325,0.0032200968404638894,100,100,2
320,-0.04982831852233059,0.1505174488802866,-0.33104679153817795,True,94.73880877098694,103.2901462834255,91.60552567032586,11.68462061309964,0.003270992209537901,100,100,2
321,-0.049601350966540385,1.409688217241786,-0.03518604352357504,True,111.0192422770702,112.20768216309429,97.87829086887963,14.329391294214659,0.0032561984902863927,100,100,2
322,-0.04945840377459636,0.19592344305439274,-0.2524373959723931,True,94.53117209539725,101.92965993953908,93.63076740336943,8.298892536169646,0.0031927786048081093,100,100,2
323,-0.049823241579448334,-0.7037773499112798,0.07079403960034973,True,101.35459397856029,106.07149871656574,98.1037342014563,7.967764515109437,0.0029389028076077833,100,100,2
324,-0.04973379246807331,0.38505535503912597,-0.12916011118198784,True,93.6662924211003,104.12673448070967,91.91458822428912,12.212146256420553,0.003521099738652989,100,100,2
325,-0.0497566949450999,-0.10442118224016514,0.47650001539592995,True,104.0953845814973,106.24684391516239,99.12192409549579,7.1249198196666015,0.0034492675597712417,100,100,2
326,-0.04951082906420449,-0.34257703073425505,0.14452466050653345,True,96.9936762254072,102.45117965619593,94.1090319310847,8.342147725111232,0.0033054116499017776,100,100,2
327,-0.049711355613067075,-0.4194992616733137,0.11850165221930699,True,97.34543322581303,102.06379769559538,93.95035630489055,8.113441390704835,0.0032274604058436184,100,100,2
328,-0.04947138420127031,-0.7906767966926392,0.06256840267503308,True,100.95721225466107,103.68302380803803,98.72959999220014,4.953423815837894,0.003166271192588802,100,100,2
329,-0.049808409819341454,2.0251774219245013,-0.02459459071591324,True,86.16619249544851,100.72667269263991,85.91897794464974,14.807694747990169,0.003677581570535442,100,100,2
330,-0.04947198142168346,-0.9443811775294412,0.05238560720905639,True,99.74566117077588,105.74976526661258,97.37418295798432,8.375582308628267,0.0034098298949811834,100,100,2
331,-0.04944073145531037,-0.15202740562345854,0.32520933480746994,True,103.87768649690555,104.03837118119627,97.16031738779284,6.878053793403424,0.0033474717341470906,100,100,2
332,-0.04967901219335324,0.9446594450133097,-0.052589335189099064,True,108.89271625169938,109.81570410678705,98.12591486722523,11.689789239561819,0.00326237941468128,100,100,2
333,-0.04997825817751982,1.672105770417117,-0.0298894119389663,True,87.78075077783845,100.0,82.95083975596063,17.04916024403937,0.003464270806285466,100,100,2
334,-0.049522772923169596,-0.5350245957775857,0.09256167532110363,True,97.87371802071964,104.42076856132542,96.8643695345425,7.556399026782913,0.0031846389327050907,100,100,2
335,-0.049904050808200345,-0.3949670524745478,0.12634990816459615,True,97.2332500998722,100.0,92.94314505639237,7.056854943607632,0.0035812091362602693,100,100,2
336,-0.0496570907908429,-0.27424439193204586,0.1810687556489661,True,96.68119849612862,106.78355610869889,94.0899304207266,12.693625687972286,0.0033548511013504556,100,100,2
337,-0.04995319791234514,-0.833400404270341,0.05993901329587208,True,99.23815815860677,100.37110109751548,93.08554864435382,7.285552453161657,0.0031918513442564414,100,100,2
338,-0.04948827084655939,-0.4858844264274614,0.10185193876335856,True,102.35099463203387,105.95430512693478,97.451111057663,8.503194069271785,0.003439441204561133,100,100,2
339,-0.049749240110961476,-0.748406546016039,0.06647355020581996,True,98.84949048389856,100.31174140104761,92.29451326473665,8.017228136310962,0.0032864325463212826,100,100,2
340,-0.049232295348267105,-0.47366539231193416,0.10393897495438086,True,102.40687094679832,102.40687094679832,96.7595792874889,5.647291659309417,0.003173474829892303,100,100,2
341,-0.04978242787451906,0.26607805464100975,-0.18709708300327543,True,105.78963731737049,107.5774641032665,99.35321313688246,8.224250966384034,0.003313543560463227,100,100,2
342,-0.04957784692116443,-0.42039945996571026,0.11793032970405869,True,97.34954973474989,100.81352541802885,93.97829623980208,6.8352291782267685,0.0034737255223750694,100,100,2
343,-0.04919648876205093,-0.863688275755058,0.05696093155721273,True,100.6233386974766,102.42996780801607,96.69405838613537,5.735909421880706,0.003364489819777273,100,100,2
344,-0.049138080758377646,-0.9593975242699484,0.05121764390185306,True,99.81432929209804,102.74444645563553,95.78249306010713,6.961953395528397,0.0034304611052070797,100,100,2
345,-0.049323895725894976,-0.6706002620398418,0.07355185871216456,True,98.49369080505313,101.74497341081147,94.96225428456039,6.782719126251081,0.003310106208508662,100,100,2
346,-0.049525420026801166,-0.397807219226532,0.12449603132666838,True,102.75376212630567,104.77490150558474,96.78825496351965,7.986646542065088,0.0033650807409029734,100,100,2
347,-0.04956651486967731,-0.8656731967610706,0.057257767775566085,True,99.385738130517,104.62107023339256,96.33460153996552,8.28646869342704,0.003175780955835091,100,100,2
348,-0.0496390896482282,0.11910959524600302,-0.41675139224263247,True,105.1175665284719,108.44221808277402,96.14248278683534,12.299735295938675,0.0035440449594995936,100,100,2
349,-0.049509444943331614,-0.5001990702411875,0.09897948214789563,True,97.71446467808134,102.80742983559935,95.14265823724925,7.6647715983501,0.0031982206902328755,100,100,2
350,-0.04956966478800646,0.5067397117861335,-0.09782076208964463,True,93.10984308515279,101.55071790061429,92.18298970512885,9.36772819548544,0.0032561444303667152,100,100,2
351,-0.049711222994810324,-0.18731015791800712,0.2653952329513856,True,103.71634230600417,107.2418482726394,98.17415635096673,9.067691921672676,0.0033659481107329785,100,100,2
352,-0.04995954199069256,2.8353848588616337,-0.017620021435379534,True,117.53879804167313,118.86572020053751,99.62015665395715,19.245563546580357,0.0031936478353230685,100,100,2
353,-0.04964555478103928,-0.2975359962998534,0.1668556255324719,True,103.21229152896504,106.97005232769511,98.57185577002213,8.39819655767299,0.003477454983528285,100,100,2
354,-0.04906699219144069,-0.9905162138582985,0.04953678849971872,True,100.04336832310985,101.52782942833235,96.3652573289096,5.162572099422746,0.003581080057811552,100,100,2
355,-0.0495075394078657,0.4135821073801173,-0.11970425829462696,True,93.53584268358895,101.28903339391393,93.53584268358895,7.753190710324972,0.00336974131536744,100,100,2
356,-0.04975062716139708,1.0031271069242804,-0.049595536615433554,True,109.16008251400707,110.28487207898615,99.1470114570246,11.13786062196155,0.0031781361962359435,100,100,2
357,-0.049913286413492616,-0.01856814139995109,2.688114299561726,True,95.51201879522486,102.15923476216678,93.01087265486555,9.148362107301224,0.003130694954457962,100,100,2
358,-0.04977705050493086,2.289131523622725,-0.02174494999140761,True,115.04084091901056,115.16269919595781,98.8046644213352,16.35803477462261,0.0033943475220332272,100,100,2
359,-0.04991415433200882,0.2510264499234382,-0.19884021921686892,True,105.72080796515186,107.60030749470666,99.07624585959412,8.524061635112531,0.0031960554755377612,100,100,2
360,-0.04939658584417764,-0.9104714949937701,0.05425385211484917,True,99.59059587862501,105.58167046542883,98.69613267961901,6.885537785809817,0.0034187655893755044,100,100,2
361,-0.04996861747881595,0.7850518025140674,-0.06365008948300652,True,91.83715214761756,100.0,90.98088992425333,9.019110075746667,0.003225893885407584,100,100,2
362,-0.049505959851285586,-0.23136354877242626,0.21397476012948186,True,96.48510906163665,104.12159438807534,96.16635296186163,7.9552414262137034,0.003219298406777587,100,100,2
363,-0.049753953777199635,0.2906450611887979,-0.17118458360756506,True,94.09802043219418,100.94842405039377,92.17837110499258,8.77005294540119,0.003385565934493725,100,100,2
364,-0.049408439566980884,-0.6630007766499582,0.07452244598661588,True,101.54106081554782,105.03967017777163,97.27560649300321,7.764063684768416,0.0033240985385835867,100,100,2
365,-0.049708366760866984,-0.5592241508040444,0.0888880902038959,True,97.98437995529102,101.29702984814804,94.72170707179376,6.575322776354284,0.003337520832929553,100,100,2
366,-0.04996961668246972,0.049052609485746405,-1.0186943611428008,True,104.79720354799588,107.11684671774897,100.0,7.11684671774897,0.003246452687738746,100,100,2
367,-0.049501795822431145,-0.7878022623458172,0.06283530549281618,True,100.97035718775854,103.84255026291387,95.78754423387704,8.055006029036832,0.0032726652894726417,100,100,2
368,-0.049951785040719496,1.0789667497247015,-0.0462959447577645,True,90.4931110434645,100.20190441494341,89.64079132734956,10.561113087593853,0.0030865282573262535,100,100,2
369,-0.04970364565079828,-0.507011851681064,0.0980325124274696,True,102.25438121296399,106.595245704701,99.21024109955196,7.385004605149035,0.003337571780834882,100,100,2
370,-0.04936253383686633,-0.30041768603574276,0.16431300862557516,True,96.80088612494882,102.57794077664603,96.3323432766453,6.245597500000727,0.003222188852008528,100,100,2
371,-0.04986888195676201,1.8163930333289267,-0.02745489607244676,True,87.12094080900337,101.22038039993754,87.09032126556573,14.130059134371805,0.0033790218827157285,100,100,2
372,-0.04989275003204617,0.7095382029232215,-0.0703172145298074,True,92.18246762999048,100.58198782299894,92.12351557210977,8.458472250889173,0.0031541192138233643,100,100,2
373,-0.04955846021128104,0.27503737574009035,-0.18018809290164864,True,105.83060731885136,105.83060731885136,95.29251877995024,10.538088538901121,0.0031273411199076555,100,100,2
374,-0.04929061089430132,0.3403950322435984,-0.14480414290837024,True,93.87051922253247,104.33123306023948,93.87051922253247,10.460713837707019,0.003325187881525036,100,100,2
375,-0.04982482750890637,-0.38644335180557876,0.12893177557877472,True,97.19427214326497,100.50533657653936,93.5932318978563,6.912104678683065,0.003310261152879723,100,100,2
376,-0.04979198321910594,1.0971626470029576,-0.045382499445382335,True,90.40990318315994,100.65837119379334,90.09184184310345,10.56652935068989,0.0032636215113792805,100,100,2
377,-0.049756972185085895,-0.3946476041908506,0.12607949891676917,True,102.76821070240416,107.22898534079522,99.89747016715191,7.331515173643311,0.003031546020227299,100,100,2
378,-0.04929600819751944,-0.8798116747267958,0.056030181928225856,True,99.45039185335906,100.51848952229342,94.43714163388611,6.081347888407308,0.0033905253924793274,100,100,2
379,-0.049567514528606464,-0.33543147523259165,0.14777240118637,True,103.03899962315847,105.5158634244932,96.34548920148177,9.170374223011436,0.00339700211209597,100,100,2
380,-0.049870437653893,0.7958400608994518,-0.06266389454877384,True,108.21218138526258,111.83044702551074,99.7856639194864,12.04478310602434,0.003188535975147416,100,100,2
381,-0.04965302711210674,0.47820739423865954,-0.10383157540079012,True,106.75968172825158,106.85831125307783,98.31700044564052,8.541310807437313,0.003187012583314781,100,100,2
382,-0.049779461206371924,-0.19239296693945107,0.25873846637043785,True,103.69309917286577,107.21618368734008,98.36916518283654,8.847018504503538,0.003197725788825008,100,100,2
383,-0.04942021140145319,-0.15573187944161798,0.31734164885604066,True,103.86074634082259,104.72165576288651,96.69889900019695,8.022756762689568,0.0034398506863846895,100,100,2
384,-0.049715333848325716,0.010372766769393723,-4.792871078044255,True,104.62032483186955,106.82068465638393,98.78404437527355,8.03664028111038,0.003223879711392281,100,100,2
385,-0.04967808920898509,0.22909819822133348,-0.21684190270667567,True,94.37946754621477,103.58057998324792,92.30530965229383,11.275270330954086,0.003511383252176693,100,100,2
386,-0.049627162531119824,0.3721959154100139,-0.13333612884077506,True,93.72509724066435,102.62649177702559,93.22997692628535,9.396514850740246,0.003277334959668298,100,100,2
387,-0.04938700350199665,-0.5896645837121676,0.08375440015590946,True,101.876419253987,103.10118631056541,98.05495698289891,5.046229327666495,0.0031111843815938016,100,100,2
388,-0.049390118312666605,-0.3723287501377127,0.13265190586114758,True,97.12972760413759,105.55129495894914,97.03491235587414,8.516382603075002,0.0031347688652181684,100,100,2
389,-0.049851099425912676,-0.33656077846697535,0.14811915890194632,True,103.0338354422263,107.79734025967237,99.42402808899526,8.37331217067711,0.003190055918372976,100,100,2
390,-0.049712071740626834,0.13609086887211422,-0.36528587224571035,True,94.80477995315155,104.89721627913086,92.73915553113524,12.15806074799562,0.0033222173548607087,100,100,2
391,-0.049869709730477635,2.342424343675675,-0.021289784605048677,True,115.28454319202244,115.28454319202244,99.69399205365434,15.590551138368099,0.0033490477660108363,100,100,2
392,-0.04972799194931381,1.739674775246222,-0.028584648496886803,True,87.47176506370955,102.54069957243195,87.14249271134709,15.398206861084859,0.0032410211566507403,100,100,2
393,-0.049901187145265855,0.2929388657679565,-0.17034676165092313,True,94.08753111319716,100.50553664760635,93.38171285229103,7.123823795315317,0.0032239838984141397,100,100,2
394,-0.049667834277666564,0.398874854558776,-0.12451984302847996,True,93.60309735201821,101.78474306527383,91.8331793538011,9.95156371147273,0.0034923214927010584,100,100,2
395,-0.04959824363221847,-0.8471950738674914,0.05854406518890603,True,100.69876031684765,105.25563286678457,95.06373062391094,10.191902242873624,0.0032928010208208816,100,100,2
396,-0.049951521246615956,0.7364700930829298,-0.06782559361985008,True,107.94068897613218,108.41137039032613,99.25603949786615,9.155330892459972,0.0032702768243263783,100,100,2
397,-0.04924799425969702,-0.47037846261761035,0.10469865900244821,True,97.5780982810087,102.51264801927984,97.18866635329915,5.323981665980682,0.0031447453478956108,100,100,2
398,-0.04984244999695356,-0.4618682448933839,0.10791486651882512,True,102.46081801955785,106.10315264099194,99.33135352851944,6.771799112472493,0.0031927796907164317,100,100,2
399,-0.049171093711490865,-0.2246139916932503,0.2189137610743439,True,103.54575592918921,103.54575592918921,96.36067380838381,7.185082120805404,0.003433511975166282,100,100,2
400,-0.04931612240419273,-0.49308025935475636,0.10001642018426714,True,97.6819111297339,102.59381981578223,96.71856036178231,5.875259453999917,0.003164750233693346,100,100,2
401,-0.04950161203842275,-0.8419588425075105,0.05879338696770226,True,100.7227050336627,106.55484930628191,99.01843386538347,7.536415440898438,0.00317585929008518,100,100,2
402,-0.04975726432737927,0.4962169709966829,-0.10027320151392381,True,106.84203756507071,108.13137874684088,100.0,8.13137874684088,0.003141599180128621,100,100,2
403,-0.04951134779872229,-0.5017383537281475,0.09867961544265079,True,97.72150365414245,101.22293077568514,93.93626022990017,7.286670545784972,0.00358914862283225,100,100,2
404,-0.04985030350037213,-0.021705665009581012,2.296649445127247,True,104.47363365036658,105.68675778781929,99.23222296253489,6.454534825284398,0.003005594007657083,100,100,2
405,-0.0497046757087703,-0.610970163272671,0.08135368745754532,True,98.22100884536243,100.57795155384996,93.79307253930133,6.784879014548622,0.003397257670581181,100,100,2
406,-0.04962629163495558,-0.23414031761625395,0.21195107335717792,True,103.50219307628367,104.71832185037277,99.4816578703651,5.236663980007677,0.0032641988584531834,100,100,2
407,-0.049262694480533886,-0.814162053599052,0.060507234724051805,True,99.1501832722537,102.64324382160171,96.56973356012995,6.0735102614717675,0.0032637266063100102,100,100,2
408,-0.04975530408639226,-0.21307441670950525,0.23351139406954752,True,103.59852515120328,104.37337861880971,99.81624199714693,4.557136621662778,0.003221357074464708,100,100,2
409,-0.0492687919783658,-0.7847570818042499,0.06278222028285617,True,99.01571753264518,101.98409836119083,95.9388501516457,6.045248209545136,0.0034910779507999947,100,100,2
410,-0.049749328613172245,-0.26468178871922465,0.187959016197924,True,96.6374697511202,101.45728263830428,91.4441813434658,10.013101294838478,0.0031074873529842524,100,100,2
411,-0.04944783117912513,-0.7840341124822986,0.06306846907792106,True,99.01241147252485,104.92020258870348,97.87702568250558,7.0431769061979,0.0033003638181116008,100,100,2
412,-0.049766930972836215,0.39128146772533673,-0.12718959388020526,True,93.63782108458348,103.03824341304228,93.63782108458348,9.400422328458802,0.0031826836100062117,100,100,2
413,-0.04981800565023517,-0.40037335858781575,0.12442887265514285,True,102.74202744995361,106.22928107453134,99.3472877879675,6.881993286563841,0.0031099299182570012,100,100,2
414,-0.04956180158393112,0.44807052634980216,-0.11061160837264923,True,106.62186910736426,106.62186910736426,96.80464229932484,9.817226808039422,0.003280004610458375,100,100,2
415,-0.049536062716704174,-0.4484398351122702,0.11046311865738345,True,102.52222467777824,104.20691828332052,99.40927722417375,4.79764105914677,0.003060505226518282,100,100,2
416,-0.04963257678638962,0.0664489421849497,-0.7469280195348408,True,104.8767550863955,107.27404928711229,98.09102997022839,9.1830193168839,0.003234225054404872,100,100,2
417,-0.0499389204331992,0.2770786200957951,-0.18023375609396963,True,105.83994170740058,106.75182222757161,100.0,6.751822227571608,0.003267612162507127,100,100,2
418,-0.04972178274880137,-0.6420485662821283,0.07744240133845681,True,101.63687299599145,106.52448121052046,99.46334853425896,7.061132676261508,0.0033877329252726546,100,100,2
419,-0.04996137514765507,-0.6119225551415783,0.08164656577513421,True,101.77463597014892,108.58968108747777,99.58639121481973,9.003289872658044,0.0033426455644371546,100,100,2
420,-0.0499476462705139,0.6106545478858062,-0.08179362037577786,True,92.63465183552506,100.0,92.3236968873439,7.6763031126561,0.0032966340803486077,100,100,2
421,-0.049501968250769496,-0.02208256626295962,2.2416764275174867,True,95.52808987809482,102.33322858066255,94.68729694427182,7.645931636390728,0.003338598037422573,100,100,2
422,-0.0495497587177736,-0.33467554193797866,0.14805312163192388,True,96.95754357605749,103.75233298091857,95.84483183498219,7.907501145936379,0.003260715885000637,100,100,2
423,-0.0497858257226221,0.660861204568284,-0.07533476829699108,True,92.40506225213109,102.88814529027778,91.61734397161898,11.270801318658798,0.003304182992961944,100,100,2
424,-0.049635953162242175,-0.14698954622167656,0.3376835593967046,True,103.90072408031939,104.91802018070324,96.60188794028376,8.316132240419478,0.0033417593268130525,100,100,2
425,-0.04909025224180495,-0.8686726386579424,0.05651179749099389,True,99.39945425226301,102.06386137162546,97.18279435982133,4.881067011804134,0.0032407959405708407,100,100,2
426,-0.049478109113241624,0.48649449509429,-0.10170332781186356,True,106.79757773963152,106.79757773963152,97.4699166811803,9.327661058451227,0.003315529463201022,100,100,2
427,-0.04989029794231642,0.3919825809937475,-0.12727682392374526,True,106.36538503017984,111.85856528647804,97.9430137941932,13.915551492284834,0.003302922079835895,100,100,2
428,-0.049549571893322146,-0.13938022553974203,0.3554992948350043,True,103.93552067664177,104.4812287023661,96.27009076884607,8.211137933520021,0.0031850795872720257,100,100,2
429,-0.04980179188699535,0.4604237920690801,-0.10816511384694755,True,93.32164075133872,104.35917749158293,92.26604064149325,12.093136850089678,0.00341763352959838,100,100,2
430,-0.04979938230800906,0.3247831584402496,-0.153331171933814,True,106.05808937562259,106.05808937562259,95.73897376359311,10.319115612029478,0.0033870294277447118,100,100,2
431,-0.04973316559201859,-0.8019183618265464,0.06201774140542225,True,99.09419420070425,100.0,93.40364033448957,6.596359665510434,0.0032483845098131214,100,100,2
432,-0.04904633789288309,-0.7578539466959395,0.0647174011651101,True,98.8926924202468,101.82902697997078,96.74652716086223,5.082499819108548,0.003366749724346971,100,100,2
433,-0.04997423803308602,1.6335132955207905,-0.030593101488747554,True,87.95722997042094,100.03582924389525,87.95722997042094,12.07859927347431,0.003088549590097665,100,100,2
434,-0.0496189414022407,-0.3209059695505011,0.15462143465808026,True,96.8945768183236,105.58010263504919,96.57953479030847,9.000567844740715,0.0031562162641679656,100,100,2
435,-0.04918606196130322,-0.9089574915223491,0.054112609687527784,True,100.41632749467306,103.58442019813717,97.63589880137721,5.948521396759958,0.0033544021377733694,100,100,2
436,-0.04986675733628841,0.07859877582857033,-0.634446997559497,True,95.06768504507578,102.85882165170342,91.47368762558251,11.385134026120909,0.0031181382679505197,100,100,2
437,-0.04959927684051384,-0.5474634631737991,0.09059833244938928,True,102.06940039081988,104.38242743086215,95.95405954236902,8.428367888493128,0.003326279340336345,100,100,2
438,-0.049597963247965476,-0.08349564983521007,0.594018530855844,True,95.80892523348332,105.53480252778748,95.69061743502358,9.844185092763894,0.003272527228958649,100,100,2
439,-0.04942467224303629,-0.8582759077377298,0.05758599512983112,True,100.64808886807911,103.12272480435178,96.70059797931317,6.422126825038603,0.0031471315626365884,100,100,2
440,-0.04964942022831062,-0.3583559585761698,0.1385477736315007,True,97.06583154721123,100.54447825291028,94.0890608750074,6.455417377902876,0.0031157015324744983,100,100,2
441,-0.049936006228189674,2.7498461461605883,-0.01815956368974014,True,117.1476388068073,118.10775390983287,99.30305666293967,18.8046972468932,0.003603965137339305,100,100,2
442,-0.049746202407342135,0.6764284825223987,-0.07354244194720892,True,92.33387478225698,100.85051279929652,90.43650855928804,10.414004240008481,0.003369553545575412,100,100,2
443,-0.049287006706045335,-0.5973094721579877,0.08251502613541173,True,98.15853998985331,103.8292572645883,97.07829667754133,6.7509605870469755,0.003255094933380918,100,100,2
444,-0.049396368980555334,-0.8041036073821802,0.061430353659734135,True,99.10418709108738,102.07844728606842,96.06948342063166,6.008963865436769,0.003357298043657078,100,100,2
445,-0.04907846690392612,-0.6111310313125418,0.08030760080783174,True,101.77825552257808,101.92351522398197,97.83021958647494,4.093295637507026,0.0032172052513255644,100,100,2
446,-0.049749787596983355,-0.3607724179075978,0.13789797979990098,True,97.07688175305744,101.1984081765056,95.41752645430523,5.780881722200363,0.003222746338421188,100,100,2
447,-0.04948034308373822,0.38197933302305914,-0.1295367021355347,True,93.6803587354069,101.48385313280473,93.07948677853352,8.404366354271204,0.0033839153836281726,100,100,2
448,-0.049852143748708014,0.11419165979241183,-0.43656554112037477,True,94.90492265576296,100.0,94.60677957522996,5.3932204247700355,0.0032420295532007647,100,100,2
449,-0.04967753881764132,-0.4931793037271022,0.1007291636980981,True,97.68236404888222,104.33912883337507,95.85094059790585,8.488188235469224,0.0034362071853308337,100,100,2
450,-0.04968933687624288,0.04222634013549792,-1.1767379487968253,True,104.76598776029326,106.12132927733009,99.67554233867777,6.4457869386523186,0.003207857500944295,100,100,2
451,-0.04944606380501066,-0.9831697389773697,0.05029249970248403,True,99.92303704584364,104.71041819724174,95.46171358340561,9.248704613836125,0.0032550798412823985,100,100,2
452,-0.04975056152587401,0.7297246812400272,-0.06817716709448894,True,107.9098429410212,110.1846501205082,98.207894217196,11.976755903312196,0.0033764757816904414,100,100,2
453,-0.049923681320282326,2.512036122153904,-0.01987379117680684,True,116.06015941769154,118.92538383317748,99.48420266557508,19.441181167602394,0.0034031637560929806,100,100,2
454,-0.04993684873871847,0.1134123630580765,-0.44031221457881686,True,94.90848629501717,101.38746588603597,89.23347098911597,12.153994896919997,0.0033346790624092524,100,100,2
455,-0.04964211875682755,-0.9378281008168717,0.05293306813219611,True,99.7156946633085,107.3864878981797,99.508979416945,7.877508481234699,0.003397247889201433,100,100,2
456,-0.049756837005713074,-0.8213597952944263,0.06057861279645072,True,100.81690223738958,107.47718449866925,97.2642857238562,10.212898774813041,0.0032847909488492965,100,100,2
457,-0.049498533861346464,0.47022391811464626,-0.10526587856230257,True,106.7231741597644,107.94387590559651,97.88008487574807,10.063791029848446,0.003346666066550527,100,100,2
458,-0.049533344255343385,-0.7352247375041161,0.06737170517887543,True,98.78921150647588,105.14274184439265,97.73953660249627,7.403205241896373,0.0031018728851314402,100,100,2
459,-0.04948413924136565,-0.7001098672021792,0.07068053395550204,True,98.62863502167743,101.25665579665767,94.67122667547858,6.585429121179089,0.0031475554589939472,100,100,2
460,-0.04995044261488539,0.11241456735664221,-0.4443413677554307,True,94.91304910629643,100.10021214628043,92.96018720585218,7.140024940428248,0.003301030796374605,100,100,2
461,-0.04995400430709845,0.15422861297212173,-0.3238958280466939,True,94.7218380210097,100.0,91.0098398045697,8.990160195430306,0.0034218191049871964,100,100,2
462,-0.04996900317629218,0.7407650203779754,-0.06745594325012201,True,92.03967078821913,100.08877627396907,91.14646226815753,8.94231400581154,0.003021853903898799,100,100,2
463,-0.049920177170345956,1.1339175724384272,-0.04402452028589289,True,109.75817309548522,112.16548571936849,99.06168582903017,13.103799890338323,0.0033842793107823925,100,100,2
464,-0.0494309322376341,0.07495964812226474,-0.6594338884436675,True,95.08432638049256,104.8446972674162,95.08432638049256,9.760370886923639,0.003398211638493932,100,100,2
465,-0.04972436080046182,0.47359964189395576,-0.10499239526789096,True,106.73861097765582,107.4263284608214,97.5385706751143,9.887757785707095,0.0032970519770581033,100,100,2
466,-0.049953393027856015,0.9193677651453317,-0.05433450564797591,True,108.777060148945,110.40762135759893,99.77821944057358,10.629401917025348,0.003098132227186002,100,100,2
467,-0.04954269786628201,-0.41950584373427124,0.11809775383644948,True,97.3454633248623,108.11795418695377,97.3454633248623,10.772490862091473,0.003436812743568015,100,100,2
468,-0.049724522643162065,-0.4129511777134862,0.12041259433739146,True,102.68451045033879,108.12272260791225,98.13810790836139,9.98461469955086,0.0033013862901119843,100,100,2
469,-0.049784436091311196,1.4225911923987502,-0.034995602642081236,True,88.92175382012931,103.14320357144098,86.40856664358064,16.734636927860336,0.00329180588199844,100,100,2
470,-0.04990215271394637,-0.4739352677261787,0.10529318266050183,True,97.59436316413475,100.0,94.63527321152023,5.364726788479771,0.0032008712085595825,100,100,2
471,-0.04989432590529548,0.1408964993792417,-0.3541204084212075,True,105.21719567277101,109.2556112504626,100.0,9.255611250462593,0.0032847474467236257,100,100,2
472,-0.04953158293696766,0.22145201863275396,-0.22366733544709116,True,94.41443269431056,103.57897560763487,94.1263081170816,9.452667490553267,0.003190940467788493,100,100,2
473,-0.04946368675313731,-0.5106318275718685,0.09686761396825695,True,102.23782745671764,103.81305708593925,96.21250503106769,7.600552054871557,0.003610161767378069,100,100,2
474,-0.049412507277296056,-0.8810900328631537,0.05608111025467763,True,99.45623764615524,101.03820913465177,96.32696815153554,4.711240983116227,0.0030270102649363347,100,100,2
475,-0.04951572080788367,-0.7275100208051417,0.06806190896598811,True,98.75393294562444,107.39804137882061,98.11675507014634,9.281286308674268,0.0035692218173194934,100,100,2
476,-0.0493714887834917,-0.7380570514459325,0.0668938650294956,True,101.19783662974926,103.28764065770831,97.19943345816631,6.088207199541998,0.0030596034355408444,100,100,2
477,-0.049482136857987795,-0.17120761571460774,0.2890183164542831,True,96.21002251889459,104.22193317495032,95.29211951969621,8.929813655254108,0.003241153291763206,100,100,2
478,-0.049501762652304625,-0.9529355612854802,0.05194660023551676,True,100.21522056219507,107.9421131765101,99.05033834174382,8.89177483476628,0.0033582975177586594,100,100,2
479,-0.049884837576510306,2.3307339143157266,-0.021403059898905643,True,115.23108412934432,115.54165320163013,97.66627647952714,17.875376722102985,0.003119565104681871,100,100,2
480,-0.04973181179342686,0.0034391575675216672,-14.460463301559253,True,95.41138180930638,100.4680114450583,94.95828466146152,5.509726783596776,0.003205659818311597,100,100,2
481,-0.04950840444330297,-0.35812236840645856,0.13824437904731032,True,102.9352366352429,104.91865948994833,94.65907453342872,10.259584956519603,0.0033534893027524965,100,100,2
482,-0.049392564842711706,-0.23061549261593922,0.2141771321711189,True,103.518311717851,104.17208907348011,98.39107842222086,5.781010651259251,0.0031620794962091887,100,100,2
483,-0.04954857857661359,-0.7389014309991699,0.06705708839893863,True,98.80602462616109,100.05059481632887,93.6016583591126,6.448936457216263,0.003503399092958212,100,100,2
484,-0.049504459419093066,0.018154333627202417,-2.7268673384362443,True,95.34409090876947,101.41826997279095,94.61565744442743,6.802612528363525,0.003332805132333811,100,100,2
485,-0.04992265361856423,0.6013567207612123,-0.08301670521844488,True,107.32283021173602,110.80892529492479,99.84538805789647,10.96353723702832,0.003347379264253103,100,100,2
486,-0.049300370602158305,-0.7265608206031893,0.0678544303575704,True,98.74959235628184,101.38426080961375,95.11118641502468,6.273074394589074,0.0033152987374531445,100,100,2
487,-0.04981413603828522,0.3087595141862066,-0.16133635968944854,True,105.9848149922673,107.67423368456244,96.47444226015189,11.199791424410549,0.00335809102414161,100,100,2
488,-0.04967912177146876,-0.2395043537269136,0.2074247127386821,True,96.52233607776347,101.37070314604462,93.28537216371686,8.085330982327761,0.0035020782787408464,100,100,2
489,-0.049893256802334335,-0.5883124997988696,0.0848074056209781,True,101.88260218674691,108.4336056935434,100.0,8.433605693543399,0.003303811550009284,100,100,2
490,-0.049820161409632975,1.2580279168095092,-0.039601793206610336,True,89.67428379087455,102.34069268401082,88.22360712459758,14.11708555941324,0.0032508350746899457,100,100,2
491,-0.049833513868674274,0.4947006628583162,-0.10073468181898666,True,106.83510365278123,107.81303997962978,97.2863334407727,10.526706538857084,0.003192229776008498,100,100,2
492,-0.049614629611178435,-0.08583721610094004,0.5780083728814579,True,104.18036703851881,106.91415745301488,98.44888434717585,8.465273105839032,0.0033312494291547283,100,100,2
493,-0.04993780472577169,0.3801340921904261,-0.13136891889390342,True,106.31120317884871,108.460954185198,100.0,8.460954185198005,0.003354532806767545,100,100,2
494,-0.04899512535111675,-0.9552929098613623,0.05128806551932559,True,100.20444066340846,101.67128990223881,97.77848283807499,3.8928070641638186,0.00318626924188983,100,100,2
495,-0.0499273188838353,0.9470096976208588,-0.05272102176911816,True,108.90346370139416,109.34782528399796,98.84459656705194,10.503228716946026,0.0032102642522716164,100,100,2
496,-0.04927238030398432,-0.7733719943005757,0.06371109979039959,True,98.96365476508423,101.5857684569534,96.76281390207605,4.822954554877356,0.003299304065362807,100,100,2
497,-0.04953048981699379,-0.670970256343795,0.07381920338301123,True,101.50461725121438,104.9357488636178,97.19759743991003,7.738151423707777,0.003278777568978979,100,100,2
498,-0.04965689305786562,0.6443736277162802,-0.07706226779307256,True,107.51954185117403,109.33362872037489,97.45552236195914,11.87810635841575,0.0033204823018738996,100,100,2
499,-0.04978027023235015,-0.19813581369087271,0.25124317156521875,True,96.33316224106372,100.0,95.17763309023096,4.822366909769045,0.003153805286586787,100,100,2
